model,n,n_pd,n_hc,auc,f1,sensitivity,specificity,tp,fp,tn,fn,auc_ci_low,auc_ci_high,weight_phonation,weight_ddk
phonation-only,95,49,46,0.5687666370896184,0.5227272727272727,0.46938775510204084,0.6521739130434783,23,16,30,26,0.45887384334295983,0.6853219254150105,,
ddk-only,95,49,46,0.7404614019520852,0.7010309278350515,0.6938775510204082,0.6956521739130435,34,14,32,15,0.6318541990266128,0.8448233452593917,,
phonation+ddk_unweighted,95,49,46,0.7244897959183674,0.6521739130434783,0.6122448979591837,0.717391304347826,30,13,33,19,0.6190302051671732,0.8266954787234043,,
phonation+ddk_weighted,95,49,46,0.7404614019520852,0.6521739130434783,0.6122448979591837,0.717391304347826,30,13,33,19,0.6381067092360101,0.8413723196788597,0.35,0.65
phonation_per-file_per-file-eval,460,240,220,0.6009280303030304,0.5862068965517241,0.5666666666666667,0.6,136,88,132,104,0.5513142940475855,0.6470292459073349,,
phonation_per-file_per-subject-eval,95,49,46,0.6291038154392191,0.5806451612903226,0.5510204081632653,0.6304347826086957,27,17,29,22,0.5159524589955762,0.7346673469387756,,
phonation-per-file+ddk_unweighted,95,49,46,0.7577639751552795,0.7083333333333334,0.6938775510204082,0.717391304347826,34,13,33,15,0.6616997978436658,0.8563907447764334,,
phonation-per-file+ddk_weighted,95,49,46,0.7577639751552795,0.6736842105263158,0.6530612244897959,0.6956521739130435,32,14,32,17,0.6619171457908013,0.8559808157975102,0.35,0.65
