model,n,n_pd,n_hc,auc,f1,sensitivity,specificity,tp,fp,tn,fn,auc_ci_low,auc_ci_high,weight_phonation,weight_ddk
phonation-only,95,49,46,0.5669920141969832,0.5454545454545454,0.4897959183673469,0.6739130434782609,24,15,31,25,0.4549835992907801,0.6779298410774702,,
ddk-only,95,49,46,0.7404614019520852,0.7010309278350515,0.6938775510204082,0.6956521739130435,34,14,32,15,0.6318541990266128,0.8448233452593917,,
phonation+ddk_unweighted,95,49,46,0.7218278615794144,0.6382978723404256,0.6122448979591837,0.6739130434782609,30,15,31,19,0.6167550558196933,0.8224943370773548,,
phonation+ddk_weighted,95,49,46,0.7364685004436557,0.6595744680851063,0.6326530612244898,0.6956521739130435,31,14,32,18,0.6337886343216532,0.8415912698412699,0.35,0.65
phonation_per-file_per-file-eval,466,241,225,0.6032826187183034,0.5806451612903226,0.5601659751037344,0.6044444444444445,135,89,136,106,0.5526468730363311,0.6526778521634918,,
phonation_per-file_per-subject-eval,95,49,46,0.6299911268855368,0.5714285714285714,0.5306122448979592,0.6521739130434783,26,16,30,23,0.5182467354530745,0.7350050036888508,,
phonation-per-file+ddk_unweighted,95,49,46,0.7555456965394854,0.7010309278350515,0.6938775510204082,0.6956521739130435,34,14,32,15,0.6578472909450767,0.853603726150017,,
phonation-per-file+ddk_weighted,95,49,46,0.7582076308784383,0.6666666666666666,0.6326530612244898,0.717391304347826,31,13,33,18,0.6619189573062426,0.8586972527472527,0.35,0.65
