model,n,n_pd,n_hc,auc,f1,sensitivity,specificity,tp,fp,tn,fn,auc_ci_low,auc_ci_high,weight_phonation,weight_ddk
phonation-only,95,49,46,0.5598935226264419,0.5161290322580645,0.4897959183673469,0.5652173913043478,24,20,26,25,0.448134840425532,0.6680505156608099,,
ddk-only,95,49,46,0.7404614019520852,0.7010309278350515,0.6938775510204082,0.6956521739130435,34,14,32,15,0.6318541990266128,0.8448233452593917,,
phonation+ddk_unweighted,95,49,46,0.728039041703638,0.6947368421052632,0.673469387755102,0.717391304347826,33,13,33,16,0.623879679144385,0.8271333333333333,,
phonation+ddk_weighted,95,49,46,0.74622892635315,0.6736842105263158,0.6530612244897959,0.6956521739130435,32,14,32,17,0.6446091644204852,0.8484939152159897,0.35,0.65
phonation_per-file_per-file-eval,516,285,231,0.590202779676464,0.6241379310344828,0.6350877192982456,0.5064935064935064,181,114,117,104,0.5433816887657638,0.6384468201852941,,
phonation_per-file_per-subject-eval,95,49,46,0.595829636202307,0.6355140186915887,0.6938775510204082,0.4782608695652174,34,24,22,15,0.4833631956685973,0.7001729490362285,,
phonation-per-file+ddk_unweighted,95,49,46,0.7613132209405501,0.72,0.7346938775510204,0.6739130434782609,36,15,31,13,0.6600172872340426,0.853321252761049,,
phonation-per-file+ddk_weighted,95,49,46,0.7599822537710736,0.6938775510204082,0.6938775510204082,0.6739130434782609,34,15,31,15,0.6604360166964818,0.8582181199559248,0.35,0.65
