{
  "seed": 42,
  "nan_as": "pd",
  "n_features": 14,
  "train": {
    "n": 1021,
    "n_pos": 359,
    "n_neg": 662,
    "auroc": 0.8730612897525015,
    "ap": 0.7840859263662384,
    "f1": 0.7161125319693095,
    "sensitivity": 0.7799442896935933,
    "specificity": 0.783987915407855,
    "tn": 519,
    "fp": 143,
    "fn": 79,
    "tp": 280
  },
  "dev": {
    "n": 342,
    "n_pos": 116,
    "n_neg": 226,
    "auroc": 0.8636328959414099,
    "ap": 0.7292076503852671,
    "f1": 0.7068273092369478,
    "sensitivity": 0.7586206896551724,
    "specificity": 0.8008849557522124,
    "tn": 181,
    "fp": 45,
    "fn": 28,
    "tp": 88
  },
  "test": {
    "n": 321,
    "n_pos": 98,
    "n_neg": 223,
    "auroc": 0.8121625331747049,
    "ap": 0.6346297858107917,
    "f1": 0.6511627906976745,
    "sensitivity": 0.7142857142857143,
    "specificity": 0.7892376681614349,
    "tn": 176,
    "fp": 47,
    "fn": 28,
    "tp": 70
  },
  "youtube_pd": {
    "n": 251,
    "n_pos": 58,
    "n_neg": 193,
    "auroc": 0.6021976058602823,
    "ap": 0.39059661657524813,
    "f1": 0.37344398340248963,
    "sensitivity": 0.7758620689655172,
    "specificity": 0.2849740932642487,
    "tn": 55,
    "fp": 138,
    "fn": 13,
    "tp": 45
  }
}